{
  "total_phrase_sets": 207,
  "processed_phrase_sets": 114,
  "phrase_set_sizes": [
    0,
    14,
    12,
    16,
    19,
    16,
    26,
    14,
    15,
    21,
    32,
    14,
    20,
    0,
    18,
    16,
    18,
    17,
    16,
    21,
    0,
    15,
    26,
    16,
    0,
    0,
    10,
    17,
    26,
    20,
    17,
    12,
    16,
    16,
    16,
    22,
    13,
    21,
    0,
    18,
    11,
    17,
    18,
    12,
    11,
    19,
    20,
    20,
    19,
    20,
    10,
    24,
    0,
    29,
    18,
    25,
    2,
    28,
    17,
    19,
    15,
    15,
    17,
    15,
    12,
    16,
    0,
    20,
    11,
    17,
    13,
    14,
    0,
    28,
    16,
    22,
    15,
    18,
    14,
    19,
    17,
    0,
    25,
    19,
    16,
    16,
    11,
    8,
    15,
    15,
    23,
    13,
    14,
    13,
    19,
    16,
    17,
    13,
    8,
    21,
    15,
    12,
    13,
    13,
    10,
    0,
    13,
    0,
    14,
    17,
    15,
    15,
    10,
    24
  ],
  "average_evaluation_metrics": {
    "silhouette_score": 0.14987421024809866,
    "calinski_harabasz_score": 3.9908469939600635,
    "davies_bouldin_score": 1.3322653132819215
  }
}