{
  "phrases": [
    "shortness of breath",
    "took a very long bike ride, about three hours or and i got back, i was very light headed, i was short of breath",
    "it was hard to catch my breath afterwards",
    "maybe i did have a little chest pain but it eventually went away after about an hour",
    "no chest pain,",
    "no nausea or vomiting or abdominal pain,",
    "no one else sick in your family",
    "migraines under control with Imitrex,",
    "reflux managed with Protonix,",
    "cataract surgery about four and a half months ago",
    "slight wheeze, expiratory wheeze, bilaterally",
    "trace lower extremity edema in your lower extremities",
    "normal chest x-ray,",
    "normal pulmonary function tests,",
    "all labs look quite good",
    "may have had an asthma exacerbation from exercising and with the allergies",
    "prescribe albuterol inhaler, two puffs every four hours as needed for wheezing or for shortness of breath",
    "order a pulmonary referral",
    "see you in a couple weeks",
    "if you have this shortness of breath again, i want you to call me away"
  ],
  "cluster_labels": [
    0,
    1,
    3,
    1,
    0,
    0,
    2,
    3,
    3,
    2,
    0,
    0,
    0,
    0,
    3,
    2,
    3,
    0,
    2,
    1
  ],
  "subcluster_labels": {
    "0": 2,
    "4": 1,
    "5": 0,
    "10": 2,
    "11": 2,
    "12": 1,
    "13": 1,
    "17": 2,
    "1": 1,
    "2": 1,
    "3": 2,
    "6": 1,
    "7": 0,
    "8": 0,
    "9": 0,
    "14": 0,
    "15": 1,
    "16": 0,
    "18": 1,
    "19": 1
  },
  "cluster_to_soap": {
    "0": "O",
    "1": "P",
    "2": "P",
    "3": "P"
  },
  "evaluation_metrics": {
    "silhouette_score": 0.09668700397014618,
    "calinski_harabasz_score": 3.1607141494750977,
    "davies_bouldin_score": 1.8491650179331363
  },
  "similarity_matrix": [
    [
      1.0000001192092896,
      0.9712933897972107,
      0.9726744890213013,
      0.9890002608299255
    ],
    [
      0.9712933897972107,
      0.9999998807907104,
      0.9769808053970337,
      0.9796329140663147
    ],
    [
      0.9726744890213013,
      0.9769808053970337,
      0.9999999403953552,
      0.9764551520347595
    ],
    [
      0.9890002608299255,
      0.9796329140663147,
      0.9764551520347595,
      0.9999999403953552
    ]
  ],
  "coherence_scores": {
    "0": 0.039809081703424454,
    "1": 0.13081742823123932,
    "2": -0.04218867048621178,
    "3": 0.025569528341293335
  },
  "cluster_phrases": {
    "0": {
      "2": [
        "shortness of breath",
        "slight wheeze, expiratory wheeze, bilaterally",
        "trace lower extremity edema in your lower extremities",
        "order a pulmonary referral"
      ],
      "1": [
        "no chest pain,",
        "normal chest x-ray,",
        "normal pulmonary function tests,"
      ],
      "0": [
        "no nausea or vomiting or abdominal pain,"
      ]
    },
    "1": {
      "1": [
        "took a very long bike ride, about three hours or and i got back, i was very light headed, i was short of breath",
        "if you have this shortness of breath again, i want you to call me away"
      ],
      "2": [
        "maybe i did have a little chest pain but it eventually went away after about an hour"
      ]
    },
    "3": {
      "1": [
        "it was hard to catch my breath afterwards"
      ],
      "0": [
        "migraines under control with Imitrex,",
        "reflux managed with Protonix,",
        "all labs look quite good",
        "prescribe albuterol inhaler, two puffs every four hours as needed for wheezing or for shortness of breath"
      ]
    },
    "2": {
      "1": [
        "no one else sick in your family",
        "may have had an asthma exacerbation from exercising and with the allergies",
        "see you in a couple weeks"
      ],
      "0": [
        "cataract surgery about four and a half months ago"
      ]
    }
  }
}